{"cameraMode":{"drawMode":0,"name":"Shaded","section":"Shading Mode"},"sceneLighting":true,"audioPlay":false,"sceneViewState":{"m_AlwaysRefresh":false,"showFog":true,"showSkybox":true,"showFlares":true,"showImageEffects":true,"showParticleSystems":true,"showVisualEffectGraphs":true,"m_FxEnabled":true},"in2DMode":false,"pivot":{"x":60.48479461669922,"y":6.431623458862305,"z":-23.544715881347658},"rotation":{"x":0.0483798123896122,"y":-0.23596148192882539,"z":0.011766313575208187,"w":0.9705064296722412},"size":12.12435531616211,"orthographic":false}